{
  "meta": {
    "version": "0.5.0",
    "created_date": "2026-01-24",
    "note": "Starter analyses are placeholders. Replace with verified COA/XRF numbers and provenance."
  },
  "materials": [
    {
      "name": "Silica (Quartz)",
      "type": "raw",
      "loi_percent": 0.0,
      "oxides_wt_percent": {
        "SiO2": 100.0
      },
      "provenance": {
        "source": "placeholder",
        "method": "assumed",
        "date": "2024-01-01",
        "confidence": 0.7,
        "half_life_days": 3650
      }
    },
    {
      "name": "Kaolin (EPK)",
      "type": "clay",
      "loi_percent": 14.0,
      "oxides_wt_percent": {
        "SiO2": 46.5,
        "Al2O3": 39.5,
        "Fe2O3": 0.6,
        "TiO2": 1.7,
        "K2O": 0.4,
        "Na2O": 0.1
      },
      "provenance": {
        "source": "placeholder",
        "method": "assumed",
        "date": "2023-01-01",
        "confidence": 0.6,
        "half_life_days": 730
      }
    },
    {
      "name": "Feldspar (Custer)",
      "type": "raw",
      "loi_percent": 0.3,
      "oxides_wt_percent": {
        "SiO2": 68.0,
        "Al2O3": 18.5,
        "K2O": 10.2,
        "Na2O": 3.0,
        "CaO": 0.3
      },
      "provenance": {
        "source": "placeholder",
        "method": "assumed",
        "date": "2023-01-01",
        "confidence": 0.6,
        "half_life_days": 730
      }
    },
    {
      "name": "Frit 3134",
      "type": "frit",
      "loi_percent": 0.0,
      "oxides_wt_percent": {
        "B2O3": 21.9,
        "Na2O": 8.3,
        "CaO": 16.3,
        "SiO2": 53.5
      },
      "provenance": {
        "source": "placeholder",
        "method": "assumed",
        "date": "2022-01-01",
        "confidence": 0.65,
        "half_life_days": 3650
      }
    },
    {
      "name": "Frit 3124",
      "type": "frit",
      "loi_percent": 0.0,
      "oxides_wt_percent": {
        "B2O3": 13.0,
        "Na2O": 11.0,
        "CaO": 8.0,
        "Al2O3": 2.0,
        "SiO2": 66.0
      },
      "provenance": {
        "source": "placeholder",
        "method": "assumed",
        "date": "2022-01-01",
        "confidence": 0.65,
        "half_life_days": 3650
      }
    },
    {
      "name": "Whiting (CaCO3)",
      "type": "raw",
      "loi_percent": 44.0,
      "oxides_wt_percent": {
        "CaO": 56.0
      },
      "provenance": {
        "source": "placeholder",
        "method": "assumed",
        "date": "2024-01-01",
        "confidence": 0.7,
        "half_life_days": 3650
      }
    }
  ]
}