{
  "schema_version": "0.7.0",
  "project": {
    "id": "KATZ_V07",
    "name": "Optimizer Demo",
    "created_date": "2026-01-24"
  },
  "intent": {
    "firing": {
      "cone": "6",
      "atmosphere": "oxidation"
    },
    "constraints": {
      "optimizer": {
        "locked_ingredients": [
          "Kaolin (EPK)"
        ]
      }
    }
  },
  "chemistry_target": {
    "boron": {
      "b2o3_umf_range": [
        0.12,
        0.18
      ]
    },
    "ratios": {
      "si_al_ratio_range": [
        6,
        9
      ]
    }
  },
  "implementation": {
    "ingredients": [
      {
        "material": "Frit 3134",
        "parts": 20
      },
      {
        "material": "Feldspar (Custer)",
        "parts": 35
      },
      {
        "material": "Silica (Quartz)",
        "parts": 25
      },
      {
        "material": "Kaolin (EPK)",
        "parts": 20
      }
    ]
  }
}