{
  "lint_pack": "katz_v0.1",
  "version": "0.1.0",
  "rules": [
    {
      "code": "INTENT_E100",
      "severity": "error",
      "when": "intent.firing.cone missing OR intent.firing.atmosphere missing",
      "message": "Intent must declare firing cone and atmosphere."
    },
    {
      "code": "IMPL_E110",
      "severity": "error",
      "when": "implementation.ingredients empty",
      "message": "Implementation must include at least one ingredient."
    },
    {
      "code": "CHEM_W200",
      "severity": "warning",
      "when": "intent.firing.cone in [\"6\",\"5\",\"4\"] AND chemistry_target.boron.explicit_axis != true",
      "message": "Mid-range glazes should treat boron as an explicit control axis (declare boron axis and source)."
    },
    {
      "code": "EVID_W300",
      "severity": "warning",
      "when": "intent.functional_class in [\"liner\",\"food_surface\",\"tableware\"] AND evidence.tests missing",
      "message": "Functional intent declared but no durability/fit evidence is recorded yet."
    },
    {
      "code": "EVID_E301",
      "severity": "error",
      "when": "evidence.status == \"validated\" AND evidence.tests has no pass results",
      "message": "Cannot mark glaze as validated without at least one passing test result."
    }
  ]
}