id,type,title,year,venue,dates,curator_or_juror,description,source_pdf,page,confidence,transcript_status
nceca_2023_exh_01,exhibition,NCECA Annual: I Contain Multitudes,2023,"Weston Art Gallery, Cincinnati","March 14 – May 7, 2023",Garth Johnson,Major juried exhibition exploring multiplicity and identity through ceramic form.,NCECA 2023 Program Guide,101,High,Not Applicable
nceca_2023_exh_02,exhibition,Multicultural Fellowship Exhibition,2023,"DAAP Galleries, University of Cincinnati","Feb 2 – Mar 18, 2023",Kelly & Kyle Phelps,Exhibition of current and former Multicultural Fellowship recipients.,NCECA 2023 Program Guide,62,High,Not Applicable
nceca_2024_exh_01,exhibition,NCECA Annual: Rendered Fusion,2024,Virginia Museum of Fine Arts,March 2024,Lauranett Lee & N. Elizabeth Schlatter,"Exhibition examining material, culture, and connectivity.",NCECA 2024 Program Guide,78–79,High,Not Applicable
nceca_2025_exh_01,exhibition,NCECA Annual: True and Real,2025,Utah Museum of Contemporary Art,"March 7 – May 31, 2025",Judith S. Schwartz,Annual juried exhibition focused on authenticity and material truth.,NCECA 2025 Program Guide,52,High,Not Applicable
nceca_2025_panel_01,panel,Forming Your Career as Emerging Educators,2025,Conference Center,"March 28, 2025","Kathryn Baczeski, Cindy Leung, Sin-Ying Ho, Mario Mutis",Panel discussion on career development for emerging educators.,NCECA 2025 Program Guide,44,High,Unknown
