[
  {
    "id":"nceca_2023_exh_01",
    "type":"exhibition",
    "title":"NCECA Annual: I Contain Multitudes",
    "year":2023,
    "venue":"Weston Art Gallery, Cincinnati",
    "dates":"March 14 \u2013 May 7, 2023",
    "curator_or_juror":"Garth Johnson",
    "description":"Major juried exhibition exploring multiplicity and identity through ceramic form.",
    "source_pdf":"NCECA 2023 Program Guide",
    "page":101,
    "confidence":"High",
    "transcript_status":"Not Applicable"
  },
  {
    "id":"nceca_2023_exh_02",
    "type":"exhibition",
    "title":"Multicultural Fellowship Exhibition",
    "year":2023,
    "venue":"DAAP Galleries, University of Cincinnati",
    "dates":"Feb 2 \u2013 Mar 18, 2023",
    "curator_or_juror":"Kelly & Kyle Phelps",
    "description":"Exhibition of current and former Multicultural Fellowship recipients.",
    "source_pdf":"NCECA 2023 Program Guide",
    "page":62,
    "confidence":"High",
    "transcript_status":"Not Applicable"
  },
  {
    "id":"nceca_2024_exh_01",
    "type":"exhibition",
    "title":"NCECA Annual: Rendered Fusion",
    "year":2024,
    "venue":"Virginia Museum of Fine Arts",
    "dates":"March 2024",
    "curator_or_juror":"Lauranett Lee & N. Elizabeth Schlatter",
    "description":"Exhibition examining material, culture, and connectivity.",
    "source_pdf":"NCECA 2024 Program Guide",
    "page":"78\u201379",
    "confidence":"High",
    "transcript_status":"Not Applicable"
  },
  {
    "id":"nceca_2025_exh_01",
    "type":"exhibition",
    "title":"NCECA Annual: True and Real",
    "year":2025,
    "venue":"Utah Museum of Contemporary Art",
    "dates":"March 7 \u2013 May 31, 2025",
    "curator_or_juror":"Judith S. Schwartz",
    "description":"Annual juried exhibition focused on authenticity and material truth.",
    "source_pdf":"NCECA 2025 Program Guide",
    "page":52,
    "confidence":"High",
    "transcript_status":"Not Applicable"
  },
  {
    "id":"nceca_2025_panel_01",
    "type":"panel",
    "title":"Forming Your Career as Emerging Educators",
    "year":2025,
    "venue":"Conference Center",
    "dates":"March 28, 2025",
    "curator_or_juror":"Kathryn Baczeski, Cindy Leung, Sin-Ying Ho, Mario Mutis",
    "description":"Panel discussion on career development for emerging educators.",
    "source_pdf":"NCECA 2025 Program Guide",
    "page":44,
    "confidence":"High",
    "transcript_status":"Unknown"
  }
]