{
  "scope": [
    "exhibitions",
    "panels"
  ],
  "years": [
    2023,
    2024,
    2025
  ],
  "methodology": "accuracy-first",
  "sources": [
    "NCECA 2023 Program Guide",
    "NCECA 2024 Program Guide",
    "NCECA 2025 Program Guide"
  ],
  "completed": [
    "Exhibitions extracted",
    "Panels extracted",
    "CSV export created",
    "Provenance preserved"
  ],
  "not_completed": [
    "Transcript extraction",
    "Video correlation",
    "Journal linkage",
    "Earlier years"
  ]
}